Nas,Clatell,Espatlla dreta,Colze dret,Canell dret,Espatlla esquerra,Colze esquerre,Canell esquerre,Cadera centre,Cadera banda dreta,Genoll dret,Turmell dret,Cadera banda esquerra,Genoll esquerre,Turmell esquerre,Ull dret,Ull esquerre,Orella dreta,Orella esquerre,Dit gros esquerre,Dit petit esquerre,Taló esquerre,Dit gros dret,Dit petit dret,Taló dret
"[-0.012789881897166556, -0.3294512180336028]","[0.0013126250241535184, -0.24216409524232022]","[0.0012056397527394284, -2.3450590446643673]","[0.00037883391435794425, -2.9302646931742524]","[0.001215872420206733, -2.8444111376623638]","[0.00132182276643712, 1.9403819071657185]","[0.0004890663471517411, 3.1155919850306413]","[0.0010941698055292924, 2.781848715489743]","[0.00046219651675898164, -0.15790752389423449]","[-0.0015329290033108927, -1.4992406502028235]","[-0.0020332861835388196, -1.5013807264076253]","[-0.00017568817292211978, -1.5838064415238025]","[0.000613498182812243, 1.1067385598647348]","[-0.0014030234359308615, 1.774378730388759]","[0.0004654188322894029, 2.193722112489079]","[0.0005473747773770416, -0.9149235198428973]","[0.002390356739346709, -0.07372336481828197]","[0.0008067606658704857, -1.5832902594487988]","[0.0025006847330992965, 0.5976049388634461]","[0.0015214304971590629, 3.036445371589037]","[0.0009290051111842693, 3.4518168427084284]","[8.507666020667353e-05, 1.7708275934215776]","[0.00020207767571161323, -2.171317050939225]","[0.0005318298762105641, -2.4284089947944607]","[-0.00013893160573287804, -1.1640080363621046]"
"[-0.0006294027100744475, -0.33303111912881184]","[0.0012713963242725486, -0.24428316606518885]","[0.0010398869967391795, -2.3483081002986332]","[0.00025749788709736267, -2.9352343190570997]","[0.0006189641626278625, -2.8481066760093654]","[0.0009714498561275583, 1.9393494104715532]","[-0.0006252370126499597, 3.114611664558202]","[0.00010781195898678129, 2.9449637373357085]","[-8.344967545931766e-05, -0.1622807936719432]","[-0.0020622917173042854, -1.5038079047334092]","[-0.002451407247785155, -1.5026418689455399]","[-0.0008502372586901197, -1.5859502797443419]","[0.000275212379151737, 1.1024803366095592]","[-0.0019217144876933815, 1.7692090264889435]","[0.00016990637829611838, 2.190876351137442]","[-0.00020917782389057515, -0.9183497553820881]","[0.002176361343555507, -0.07747543180710244]","[0.0008785577674499403, -1.5882314412772853]","[0.0014941220249436802, 0.5146475274736226]","[0.001350164050303401, 3.0321236886798317]","[0.0002972761384964476, 3.3677696846721097]","[-0.00034463899958400506, 1.76832984921144]","[-0.0004546623635547081, -2.1759722207204764]","[-0.00033923133728588645, -2.4325842914301883]","[-0.0009371566340763043, -1.0881039083669526]"
"[-0.0010612242556749456, -0.34086004717813745]","[0.0018412447059803821, -0.252254051096524]","[0.0015217942451599964, -2.3562761643198757]","[0.00021397453391522236, -2.943600690972625]","[0.0003600325366290449, -2.855198454395544]","[0.0006928904937686571, 1.8524983636202368]","[9.810564010941478e-05, 3.111318704944756]","[4.350943497646754e-05, 3.0239039182742564]","[0.0005309195196831604, -0.1673333591305438]","[-0.0019954651044412426, -1.4293746680074826]","[-0.002296673143048904, -1.3452033799884613]","[-0.0009738071883429244, -1.5935504601391333]","[0.0003000369801421402, 1.175880642364578]","[-0.0020494107853146768, 1.7616157469206724]","[0.00022829276419776697, 2.1864151293510856]","[-4.865653598225703e-06, -0.9277177882351663]","[0.0014775815551928632, -0.16543095067957098]","[0.0008313497991393747, -1.5960332892941234]","[0.0008925823083726768, 0.5071634999745711]","[0.0012875662889490986, 3.028030048241042]","[0.0001038694763793641, 3.3638178748067813]","[-0.0004704315163318027, 1.7637405275232265]","[-0.0004153005419914029, -2.1839152157453294]","[-0.0002518419719889317, -2.4414260857284553]","[-0.0009047301218625543, -1.1762098511102173]"
"[-0.0009924350858706496, -0.4261565069977108]","[0.0006236959872340715, -0.25862735775605583]","[0.0012420226123668182, -2.363302613024811]","[-0.0002596314533064332, -2.9519858786708983]","[0.00012177232264609526, -2.8658322572806783]","[0.00021742416690950463, 1.9263976587176086]","[0.000335505280340877, 3.10560802270201]","[0.0004973398770431669, 3.0201088541483516]","[0.0012034853717057942, -0.17383260774953385]","[-0.0015933171490983727, -1.4375398869166334]","[-0.001992803644296497, -1.183125265582796]","[-0.0006540126897799808, -1.6013578574982685]","[0.0002722148062236598, 1.1695934930614789]","[-0.0016106306352078068, 1.7558254997299079]","[0.0005908581517871224, 2.180199955166939]","[-0.00018724891141191986, -0.9343087632730748]","[0.0018718389399027585, -0.17242573009489068]","[0.0006171536785461676, -1.6034539680429127]","[0.001846054321719224, 0.5001891524005175]","[0.0004791270387596134, 3.0202940211934264]","[-0.00015103180800859803, 3.35762037104895]","[-0.0006747934655479353, 1.7582747992679357]","[-0.0006388700867376504, -2.189433696858925]","[-0.0003291360682437639, -2.447202878840045]","[-0.0008345815576752871, -1.1855265588498785]"
"[-0.000836727053571296, -0.4191419422646869]","[0.0012133623185466489, -0.2536994114724378]","[0.0005835959294775455, -2.3453595748090788]","[-3.5459402124457384e-06, -2.9299809415844527]","[0.0005511507970807147, -2.922554012169728]","[0.0006414619609491977, 1.917047158562565]","[-0.0005307075688072702, 3.090491298149612]","[0.00047336993764008484, 3.003071680984674]","[0.000975168655823323, -0.16985137881796827]","[-0.0017744959495602937, -1.5054356233450523]","[-0.0022722145473729723, -1.091157129805564]","[-0.0004745583820209002, -1.5892505587323222]","[0.000212785996471328, 1.1655922023235168]","[-0.001769366329448565, 1.748030122912741]","[0.0005161332495574314, 2.1701633767179627]","[-0.0003539628764364536, -0.9239249129619392]","[0.0017426837871885171, -0.16772049887972443]","[0.0008931441669944876, -1.591154625045344]","[0.0016620804959258482, 0.49879226798919135]","[0.0013876629313571886, 3.0038290243341272]","[-0.0001862292420788089, 3.420513883888846]","[-0.0008384305893830488, 1.7501016224598325]","[-0.0009492535792616816, -2.1728765738691145]","[8.000458208061349e-06, -2.428787564204822]","[-0.0008711086270666426, -1.2567378903608237]"
"[-0.0007725817325098648, -0.4098564226707649]","[0.0013475559175273992, -0.24295465896304447]","[0.0013118702828505962, -2.3305412599102207]","[0.00018528933318363806, -2.993976159569889]","[5.787387094591883e-05, -2.909526721817442]","[0.0009696231789619869, 1.924254864176126]","[-0.0003102931024423942, 3.094342636684034]","[0.00011646466394719093, 3.010398796854922]","[0.0005316003626879968, -0.15735109672021508]","[-0.0018693887299494722, -1.413353082502694]","[-0.002496433462153019, -1.1619625027427283]","[-8.027586210629785e-05, -1.57859269303745]","[0.0005975299596808878, 1.177155175848879]","[-0.0017691256081108129, 1.7573550450758029]","[0.0004997536184935479, 2.175024628024458]","[-0.00026503730274663313, -0.9145253098217638]","[0.001243163353515166, -0.15847994131443063]","[0.00038496671015523745, -1.577717619708601]","[0.0009224550553900297, 0.507085275749136]","[0.000937872335815947, 3.0092796752976936]","[-0.00011293444190856592, 3.3446855592086275]","[-0.0004220102277162844, 1.756202865192818]","[-0.0008610642176395044, -2.1637304065983307]","[0.0004933624308020501, -2.497143554078735]","[-0.0006402363866747223, -1.246073092656171]"
"[-0.001218281910440319, -0.40353150204798777]","[0.000587924355024037, -0.23689533135134422]","[0.0012277758618217513, -2.3238355976947056]","[-0.00011011679273303083, -2.9881618422007783]","[-0.00011014812853837774, -2.9038057630481893]","[0.0005248957060632334, 1.8513196983432063]","[0.0003155373922610901, 3.102389564727844]","[0.00033307025013761584, 3.0203982639658666]","[0.0011164501906926283, -0.15298070342792378]","[-0.0019591382135697153, -1.4870268707841152]","[-0.002241996083167825, -1.1565286711459328]","[-9.594161387791943e-05, -1.572806484296842]","[0.000563483376423306, 1.1809711450533134]","[-0.0019814948863299472, 1.7647301093373138]","[-0.00012861156487672086, 2.180950553275622]","[-0.0003054860433724263, -0.9073610539652786]","[0.002164028953116454, -0.15098736637991667]","[0.00090284445091119, -1.5726061782325056]","[0.0016357718457179588, 0.515437716183777]","[0.00038574763806549, 3.0162530952655473]","[-7.384322411933472e-05, 3.3511424705665593]","[-0.0003504405796370755, 1.763043065543025]","[-0.0008463961691420601, -2.158141157208304]","[0.00045171520573989007, -2.4922015960052053]","[-0.0007873500161698912, -1.2397655644730308]"
"[-0.0012554298099122724, -0.3956427519376666]","[0.0014267137221699048, -0.23029941749174226]","[0.000529328324676726, -2.31081773095727]","[3.436939792456142e-05, -2.9694195915831654]","[0.0003387992959799926, -2.8896264251859893]","[0.0006483244331777413, 1.851402936101485]","[-0.0002620728828008398, 3.0970315527013215]","[0.00044244536994589165, 3.0125177224330546]","[0.0012699341501422217, -0.1459337738406844]","[-0.0017659279391647404, -1.4749144570006683]","[-0.002076951286646772, -1.143989043003316]","[0.00010708556374252549, -1.5595236884571384]","[0.00033195992819864896, 1.1824623954403082]","[-0.0018660942684110208, 1.7643689648006826]","[3.871458608491167e-05, 2.181460054005191]","[-0.0005909054483654213, -0.8979314606375634]","[0.0012984758127296682, -0.14579430408331118]","[0.0007878859370140844, -1.5592340950025925]","[0.001287679051116608, 0.5180032892747279]","[0.0014258785456036033, 3.012027641202285]","[-0.00019922088052756284, 3.344729841796173]","[-0.00039486879436226215, 1.7647321672938419]","[-0.001082577581722458, -2.2211808084554914]","[0.0004410559312415916, -2.5568617537632776]","[-0.000914601157835344, -1.227567263649204]"
"[-0.0011003814276858382, -0.4046058088764317]","[0.0011084656271454709, -0.23676680427246574]","[0.001216125480978742, -2.3255203040309795]","[0.0003135614491861782, -2.9877079061597476]","[7.787787043290882e-05, -2.9095643699732934]","[0.0010564434057091126, 1.8521948033652844]","[-0.0004553624824773725, 3.1027646454983873]","[0.0004104605408460731, 3.0194291094650083]","[0.0009957895924102695, -0.15254729598569605]","[-0.0014236610863391937, -1.4880426572482108]","[-0.0017353129299673246, -1.1566848314678801]","[-0.0001500335719134317, -1.57077526391184]","[0.0005755025791998553, 1.181782077673061]","[-0.0014991962996253995, 1.7647622650177843]","[-3.1232136417637476e-05, 2.182416301776982]","[-0.00047459814021470683, -0.9084019206385202]","[0.0013954639198053868, -0.15287112740525513]","[0.0003300971822161691, -1.5714414036187407]","[0.0007726293717701686, 0.5144793005686753]","[0.0008002611020849294, 3.015293208481871]","[-0.00024415296620491493, 3.350251592313005]","[-0.0004937112899368293, 1.76588643655235]","[-0.001136810942906976, -2.155823401748132]","[0.00027447379493730415, -2.4905133847630547]","[-0.0005826986430329259, -1.237993260612157]"
"[-0.00101134917818299, -0.4006351188178643]","[0.0004735544460304399, -0.23103763516983805]","[0.001448170807908713, -2.331318347146863]","[-1.2256771483380403e-05, -2.922301717821657]","[-3.803435743799548e-05, -2.9209660040665533]","[0.0010145359089536315, 1.8710069039453363]","[0.00017954758022355603, 3.128527095134894]","[0.00010327650532525583, 3.0438555641447]","[0.0010121573950911279, -0.14803941591680722]","[-0.0015034492666205295, -1.5706758444968836]","[-0.00202458748311749, -1.1565600566228946]","[-0.0005330997044192668, -1.574627697976727]","[0.0005658186137382466, 1.1957923474743388]","[-0.0016280197493744038, 1.7806852548438101]","[0.0006433272038844143, 2.202582920840482]","[-0.0005306562090611223, -0.9072811315774595]","[0.0020728197689105095, -0.14739161920920382]","[0.0009790005869403484, -1.5751301807703137]","[0.0012342517242588033, 0.5244860992362234]","[0.00020561853851878525, 2.9596586274191403]","[-0.0003555119661042418, 3.2953161549901377]","[-0.0005211669994770879, 1.7853157291948363]","[-0.0013627843963727672, -2.1626318887779585]","[0.00022407710572172666, -2.499547335786455]","[-0.0006352401038542634, -1.239082703066416]"
"[-0.0011998457135923744, -0.39340420712698265]","[0.0013320168617571495, -0.2255667237176512]","[0.0011021591641817157, -2.325823679059733]","[-0.00026786442503989665, -2.993018066561256]","[6.16327417821259e-05, -2.9949850152797213]","[0.0006288239029629592, 1.957037860807954]","[5.0054135461711664e-05, 3.134066824007942]","[0.0003811099608268669, 3.051359076850093]","[0.001011573484657775, -0.14129813914390515]","[-0.0016921553251323445, -1.4840503605262374]","[-0.00218742839476076, -1.0669857957655329]","[-6.075779057688465e-05, -1.5678683083413498]","[0.0004981297629514166, 1.1227844514421441]","[-0.0016416465697796825, 1.7085838588036395]","[0.0005785053211541865, 2.1267757493970167]","[-0.0005609400134463012, -0.9003358209481704]","[0.0015526707331959119, -0.14046536632827616]","[0.0010071679568319984, -1.5694687783060517]","[0.0014696690599247614, 0.5305743569887742]","[0.001132464608522503, 2.9669662124319465]","[-0.0006608795555209364, 3.3006438945071324]","[-0.0008026142731834981, 1.7889694321759568]","[-0.0013611950643621085, -2.1565134305651825]","[0.00041260040614465247, -2.4939973051978175]","[-0.0007832509749609631, -1.2339807205447155]"
"[-0.001295977176407567, -0.392977470644352]","[0.001454972017093722, -0.22593347933967278]","[0.0005351691763848517, -2.328218294419556]","[-0.0001027357161802254, -2.9168999446183617]","[0.0003912047499526174, -2.9945287405704333]","[0.0005101210354880592, 1.8774419619493803]","[-0.00024797267498139093, 3.1354763571724886]","[0.000717677661760335, 3.05142373368768]","[0.0012846257287619461, -0.14188868799999316]","[-0.0017144911784910282, -1.484865634198157]","[-0.002217637665796252, -1.0659222332282996]","[-6.634473228944295e-05, -1.5679167221246344]","[0.0008178272020893515, 1.1226875064418527]","[-0.0015549513765349325, 1.7087865067844732]","[0.0005644622787527596, 2.126666694053111]","[-0.0006680928787025717, -0.9004897057838481]","[0.0009544987082284168, -0.14040743355252983]","[0.00037618485249513395, -1.5687444819629226]","[0.0008429480044888027, 0.5301406926220389]","[0.0011788200640943892, 3.04990038146015]","[-3.8363361259005775e-05, 3.3038958689653937]","[-0.00042149407976487283, 1.7910543801980816]","[-0.0009982007777880328, -2.1580830533343973]","[0.000613987785321512, -2.4947629864722813]","[-0.0009162376467165753, -1.3158352150852142]"
"[-0.0010897140824163891, -0.37794350006033955]","[0.0009513524817520016, -0.2115617696164295]","[0.0008668908548171881, -2.300090691593346]","[0.00013717544396714095, -2.960719228340255]","[0.0004258776200547293, -2.962246357608269]","[0.0006756977254641134, 1.8775238422719411]","[-0.0006009619149326544, 3.1260281079315786]","[0.0006490948531432545, 3.0437848310392512]","[0.0009767237308210257, -0.12817594137745003]","[-0.0017752040578711348, -1.4630016629488694]","[-0.0018518543256158223, -1.0473862127065907]","[0.0001174970101600676, -1.5452298678872622]","[0.0009735131539401824, 1.1284788480163472]","[-0.0017796044758734502, 1.7100034500178782]","[0.00042289589529701037, 2.1248691920999283]","[-0.00054050886986071, -0.957694959610279]","[0.0012334435853035264, -0.12651219213989967]","[0.00018431423336138546, -1.545282376630002]","[0.0003534520954460585, 0.5402000658838843]","[0.0009291215396173012, 3.0417447691453994]","[2.8989163737152004e-05, 3.2937138054868593]","[-0.00034730545028085477, 1.7913715811978763]","[-0.0010692579312282418, -2.210480146379394]","[0.0009012794472936323, -2.5472717085042405]","[-0.0007729077260964915, -1.2941218776883217]"
"[-0.0010074334706408584, -0.3667912323461201]","[0.00035887455554498915, -0.1991162646554288]","[0.0011598673372921688, -2.2939377316238536]","[0.00025143776490533804, -2.956906214255643]","[9.382767971577353e-05, -2.9580740166379393]","[0.0011144710005560577, 1.8962186452810785]","[-0.000633948890563079, 3.147953593453614]","[1.9470560061454605e-05, 2.983514340422178]","[0.00027345881664548016, -0.19328359154602356]","[-0.0014582521979100275, -1.5330084265232504]","[-0.0015110949128650621, -1.0375876479404906]","[0.00043001560930273496, -1.5362675459901676]","[0.0009615873989450222, 1.1448433777081202]","[-0.0014965983315569083, 1.7268341514307504]","[0.00043068986889846305, 2.0613473649382206]","[-0.00034990656007794174, -0.9476288316912431]","[0.0016794014979937737, -0.11401735919713955]","[0.0004887780949456874, -1.537241283508934]","[0.000717102583753328, 0.5562280682168574]","[0.0003677789725224717, 3.0643467444837698]","[-0.00014656777007471104, 3.3160859300940313]","[-0.0004523159264155469, 1.807606093072549]","[-0.0012853836561628987, -2.2045157631503507]","[0.0008665834600316849, -2.541992610428007]","[-0.0008718434848473743, -1.2846097896065631]"
"[-0.0009176240373090376, -0.3793816575900293]","[0.0005069413946311798, -0.21075092186351546]","[0.0011952849909700517, -2.3074145794566]","[0.0003728108219494448, -2.9728417933197746]","[3.82804732269603e-06, -2.9732679268098696]","[0.0011485956040445011, 1.8862007297263115]","[-0.0004382982238085583, 3.137324751642628]","[0.00012051862337304044, 2.9719576224622504]","[4.418515099095147e-05, -0.12657076474110204]","[-0.0014501269202954244, -1.4672184527329506]","[-0.0017667162955412787, -1.0522020190373764]","[0.0003476218343040082, -1.5506874111210356]","[0.0008711582728407023, 1.213085540526367]","[-0.0015445238932610677, 1.717803317949701]","[0.0003896406618080759, 2.0512788886591102]","[-0.0005517902436517025, -0.8852431128682238]","[0.0019537975695462263, -0.12608947307874932]","[0.0009259760920233586, -1.5517695851732018]","[0.0008203179131204722, 0.543867544665392]","[0.00014312111832395113, 3.055379232684769]","[-0.00020479313361340275, 3.3079157990486636]","[-0.0005435712412486402, 1.7967224593146727]","[-0.0010667768604101036, -2.2206454051160134]","[0.0006938076265085293, -2.5581309261359984]","[-0.0010533848726179895, -1.299321857635421]"
"[-0.000945443610113694, -0.36713672895544763]","[0.0009214739793046907, -0.19775483911234953]","[0.001274438792744213, -2.2967814730661353]","[0.0002354018077598317, -2.9623446746690445]","[-0.00017326521460976353, -2.9628532453688416]","[0.001204900008935421, 1.9812033778442304]","[-0.00016991126931642527, 3.1537788349288554]","[-0.0001468554001491616, 2.987214846907496]","[-2.4678281759346147e-05, -0.1154142627179129]","[-0.001271903191018835, -1.4572929546190583]","[-0.0014758535986374095, -1.1200446276809608]","[0.00020644910163301457, -1.5392343933941537]","[0.0009607156163271171, 1.1482046319006167]","[-0.0012836300722862965, 1.7320037349436337]","[6.62942639624635e-05, 1.9826699765385543]","[-0.00026116243581367015, -0.9499260187069366]","[0.0018115003751910752, -0.113671150079223]","[0.0011305769629073408, -1.5404870113329432]","[0.0005736922756328537, 0.5575991820856749]","[7.28104787225298e-06, 3.0707894767002877]","[-0.00025135250364843246, 3.32335907223028]","[-0.0006663304774177827, 1.7312933970017461]","[-0.001339279801275791, -2.2098481270763166]","[0.0005867721851865039, -2.547487774985151]","[-0.0009698305614101772, -1.287839249316911]"
"[-0.001139655031991605, -0.37087023166446437]","[0.0010079933155121977, -0.2013273495401589]","[0.0012819079711407987, -2.3033230696418054]","[7.026572794212157e-05, -2.9699693584857965]","[-0.0002450295237476916, -2.892725293691429]","[0.00105343626797321, 1.9013921849753783]","[-7.570286221550052e-05, 3.1573555432320646]","[-0.00021163313074707506, 3.0706974865069308]","[0.00011746648591354168, -0.11780043860276908]","[-0.001384831144675172, -1.4623251086593838]","[-0.0015931478250083635, -1.1240042679597326]","[0.00025100426548777503, -1.545147780961487]","[0.0009102138307418529, 1.225563877177081]","[-0.0014261352728512115, 1.7323856791848284]","[-0.0001708814830414084, 1.9822039354203638]","[-0.0003581675832549752, -0.8772207468023154]","[0.0017838125822604001, -0.11670027984521225]","[0.0009874760260717948, -1.5456709436446847]","[0.0009353038997155839, 0.5546941140992308]","[0.0002128582609693685, 3.072375130733312]","[-9.941842095325197e-05, 3.245580641034466]","[-0.0005297251953370802, 1.731171980911367]","[-0.0010151519330505272, -2.217405956136841]","[0.0006939387552593116, -2.636367259218691]","[-0.0010561979821141088, -1.292562488420246]"
"[-0.001239552276116604, -0.36122576540474954]","[0.0011489087565828668, -0.19219361594350032]","[0.001265413381566726, -2.29498111850417]","[-2.7961377829447723e-05, -2.963096878013963]","[-0.0002537400846782637, -2.8858110173498757]","[0.0011912015510608617, 1.9918726982590036]","[-0.00012672395839348867, 3.169400945055251]","[-0.00016790620113698887, 3.0839019373413885]","[0.00036715494620938625, -0.18792101636912734]","[-0.0012104760994814294, -1.5333153122613579]","[-0.0013377657983726348, -1.033865367448757]","[0.000519772111789612, -1.5366887265057734]","[0.0006977282226297575, 1.1565040596058997]","[-0.001267781908147965, 1.7419315001864852]","[-2.1497029318064674e-05, 1.9929540714662728]","[-0.00038899782486864347, -0.9452990407144569]","[0.0015687508788860896, -0.10672791139000669]","[0.0008786926755930606, -1.5379282897247943]","[0.0005782573436160374, 0.5647294284609086]","[0.0001887712586032467, 3.003023253376338]","[-0.00045010877978825416, 3.255408315717096]","[-0.00029726204279004496, 1.7425701372617928]","[-0.0012799032790174894, -2.2095345142926526]","[0.00067678939621452, -2.629639679526601]","[-0.0010117638628128582, -1.284068093280642]"
"[-0.001336796658357618, -0.36247079224543594]","[0.0012376950308389098, -0.1930496146314092]","[0.0013299434572606548, -2.303410281508859]","[-0.00011113265342877339, -2.8968381238586525]","[-0.0002594605805613084, -2.8966557507492703]","[0.0012453374349761788, 1.9195595013088822]","[-7.740334441540644e-06, 3.181346446950119]","[-0.00016086684648338104, 3.0967617005042967]","[0.0005739675931334443, -0.18851437391130021]","[-0.0012288323383023356, -1.5390708160796827]","[-0.0013114922358146701, -1.0349802355975641]","[0.000666759436733794, -1.5425629416027322]","[0.0006920081734174502, 1.1606307658391946]","[-0.001230676692366116, 1.7478151557300565]","[-1.8925511350986005e-05, 2.0004741732677833]","[-0.0003463660447941209, -0.9485093284490473]","[0.0016000544384620042, -0.10676599630950871]","[0.0008978451916829352, -1.5431385720908362]","[0.0004944059416199749, 0.567228976790741]","[0.00024821779759052684, 3.01459647008106]","[-0.0005252059824143961, 3.268212086192528]","[-0.0005514973888082375, 1.748280182580395]","[-0.0013629920546492323, -2.218699692701845]","[0.0005838297508342016, -2.640658469637919]","[-0.0011180789247773586, -1.2895804698710065]"
"[-0.001456897420629459, -0.3685640542413592]","[0.0011191204549344678, -0.19933710239432323]","[0.001320415371997365, -2.3116349085072514]","[-0.0002523244482150303, -2.904932268223264]","[-0.00039622210047876415, -2.904689750848113]","[0.001232287415624696, 1.9143774380805443]","[-3.6542092575579314e-06, 3.177697177801345]","[-6.780867130031854e-05, 3.0928318379912603]","[0.0003802118569337517, -0.19475534411407924]","[-0.0012434908544192863, -1.5462254764467118]","[-0.0013802172113288028, -0.9625530558021242]","[0.0007108370119837687, -1.5498538905625674]","[0.000644970431998723, 1.1555538531164087]","[-0.00119119535520572, 1.7423425974356093]","[-0.00014243280181506577, 1.9152087856748767]","[-0.00020563704800770298, -0.8778067610321745]","[0.0017225276962368986, -0.11287596874044274]","[0.0008885975132238417, -1.5501072302140948]","[0.0006901090476252627, 0.5617729344150534]","[0.0001809518813982171, 3.0889417215557686]","[-0.0005093371788071048, 3.2640402502583976]","[-0.0004600210722641479, 1.7429948855480855]","[-0.0010713201972803437, -2.226169424279956]","[0.0006350022930249815, -2.6485249932650023]","[-0.0011444724059726551, -1.297731253205865]"
"[-0.001502332176827326, -0.36024795438680846]","[0.001044932704740097, -0.1920645700524577]","[0.0013334717674515443, -2.2973611292931206]","[-0.00013765056364478957, -2.9655071608190537]","[-0.00028111830241677317, -2.964653283789074]","[0.0012111215699477857, 1.9945811773469209]","[-7.459280803807472e-05, 3.173479489350266]","[-4.174276752956946e-05, 3.090024038506233]","[0.0003420454246730822, -0.18854122442014137]","[-0.001046188307139412, -1.5350866742189178]","[-0.0012288869193400533, -0.9518509196133556]","[0.000789575887942, -1.5381757287785807]","[0.000767829358342411, 1.1568611477472268]","[-0.0010793916150669024, 1.7429992019478007]","[-5.115365839304997e-05, 1.9132442434509778]","[-9.670696552083527e-05, -0.8683822341655282]","[0.001788939737958419, -0.10640335190939514]","[0.0010923203218266237, -1.5375257626811334]","[0.0006303738672431291, 0.5660233386881875]","[5.116464893497438e-05, 3.002052156574809]","[-0.0011421104637188186, 3.2561163554411037]","[-0.0006223478229566413, 1.742061015589947]","[-0.0012266648768482792, -2.212670448761631]","[0.000526786094881028, -2.6330245032786874]","[-0.0010476741365005638, -1.2859472184755896]"
"[-0.0013268922778838857, -0.359062922480833]","[0.0007577358026124988, -0.19134505580568364]","[0.0012262458494418675, -2.2903615378598254]","[2.2538706501924812e-06, -2.956233172429761]","[-8.397842584491151e-05, -2.9548233516648277]","[0.0012559701354012442, 1.9878968714191678]","[-0.0002570660514707834, 3.162904806952921]","[0.00024590638249515485, 3.0792280853774114]","[0.0004988538161420125, -0.18701007678003698]","[-0.0013802154753448103, -1.5302742097176147]","[-0.0013206924829887187, -0.9498677076103752]","[0.00072377909280656, -1.5336077568069784]","[0.0009255720168651791, 1.2321137465894398]","[-0.0015108872681206453, 1.7376678522416658]","[-3.212073853464494e-05, 1.9076680067247733]","[-0.0001471146258445853, -0.8654821676253307]","[0.0017842159407088377, -0.10452725747393027]","[0.0009283188942894921, -1.532974656421894]","[0.0004313687910989145, 0.5661116816160959]","[-0.00013553747729765466, 2.993511373672186]","[-0.0009778661514171897, 3.2460090025629067]","[-0.0004800859741178411, 1.737195957973154]","[-0.00116916961024382, -2.2067282930854524]","[0.0008286909190735289, -2.705842458632303]","[-0.0007872849524760078, -1.282166760734882]"
"[-0.001359192042430078, -0.35540144950051467]","[0.00038993068349377045, -0.18793117770609488]","[0.0011876952669620216, -2.2840285935196483]","[6.272030648670983e-05, -2.947482732653574]","[-5.328487901174462e-05, -2.9476426749114157]","[0.0012998746613867972, 1.9890731267623492]","[-0.00046358454276261416, 3.160920311825875]","[0.00021671006390239832, 3.0770296223303375]","[0.0005867098711704095, -0.10576474377070237]","[-0.0013480708668345226, -1.5230272317404616]","[-0.0013176416846577648, -1.0235743728696]","[0.0005249981563558494, -1.5276436139202954]","[0.0009686470608923637, 1.2334512862895877]","[-0.001445456631001033, 1.7383324293503626]","[0.0002127356984180913, 1.9071475814713885]","[-7.3458617254877065e-06, -0.8608843265435348]","[0.0018377206946617222, -0.1018061728891252]","[0.0006299335958624274, -1.525626293430386]","[0.00048802217611076525, 0.5678623081165453]","[1.9322292582224113e-05, 2.9912284030597296]","[-0.0010379074986469233, 3.243128681841067]","[-0.0005222047669560238, 1.737797988147331]","[-0.001034656004814327, -2.1995439721032235]","[0.0009302958149488996, -2.697690960954269]","[-0.0007659715643939311, -1.3579234226817272]"
"[-0.001180626268401332, -0.3528918290757131]","[0.0005509851656945609, -0.1850015407794082]","[0.0011492647304796808, -2.285898100268361]","[0.00015236782079881204, -2.9489517321078944]","[0.00039193843771457096, -2.9509177497898014]","[0.0008133870271049244, 1.9959237618293264]","[-0.0006298442040224205, 3.170531383631722]","[0.00044653837700623224, 3.085461055904685]","[0.0009076167241438451, -0.18053598371861612]","[-0.0013951059907780481, -1.5232322544482444]","[-0.0013590489229659138, -1.023119178018486]","[0.0006405142562643508, -1.5274735565100317]","[0.0008731379760840334, 1.160437578674431]","[-0.0013826149354226034, 1.745277027451489]","[0.0003470059454669137, 1.9138562036532336]","[1.615901702217304e-05, -0.8593197113053335]","[0.0015208502483235547, -0.09960484630000704]","[0.00036220609984100705, -1.5255412503639232]","[0.00038726932130095815, 0.5710573325972631]","[0.00034272520640468864, 2.9997331089430936]","[-0.001112522820757119, 3.252441621307424]","[-0.0006786175287991585, 1.7439725375879973]","[-0.0011219679289242843, -2.2006040061153023]","[0.0008407270750032323, -2.699823971132902]","[-0.0008823448285826622, -1.2757759016466623]"
"[-0.0012446612629794292, -0.2762961551878353]","[0.0014209956547029763, -0.18921439664193457]","[0.0009028030255864982, -2.3655622486710643]","[-0.00012610494750237196, -2.9485559729787774]","[0.00037585640871468584, -2.9479379117170406]","[0.0009507927523222873, 1.988139817173275]","[-0.000802577259229909, 3.161587904255157]","[0.0005939048287950119, 3.0785276903357417]","[0.0011600252550430022, -0.10533562960713316]","[-0.0016549353636828737, -1.4446231632438997]","[-0.0016920407242762012, -1.0255878718957618]","[0.0002507547970226522, -1.5292165788567944]","[0.0007507334531397045, 1.1558966692305164]","[-0.001678919270274627, 1.7408333596041305]","[0.00032216058351713185, 1.9074484315782423]","[-3.038750389504255e-05, -0.8599172092371373]","[0.0009689266932177244, -0.10146725880557701]","[0.00010677132536814422, -1.5262853001497891]","[0.0005934351165656497, 0.5651432760274246]","[0.0009348206309976874, 2.9953689378410533]","[-0.0005079009578698413, 3.2465135216985512]","[-0.0005809569301275163, 1.7374020707998248]","[-0.0008330208999293207, -2.199304257078635]","[0.0007857112936353325, -2.6984070189833194]","[-0.0009661866988613575, -1.3591507054892138]"
"[-0.001403358557046039, -0.353901156475725]","[0.0015201537761085548, -0.18924631673835693]","[0.0004715679078839458, -2.3595683859538195]","[-0.00015336445728160423, -2.944346472823506]","[0.0004409710856544258, -2.9432423579797597]","[0.000551777907797372, 1.9043541384538198]","[-0.00015814827257749282, 3.1583841079403014]","[0.00047198740729645063, 3.073485615173454]","[0.001191885497742264, -0.10429912018484265]","[-0.0018143129282299515, -1.4409959749330787]","[-0.0020822636595497126, -1.0247928955896057]","[8.201276296694722e-05, -1.5283958941831546]","[0.0009590433476395751, 1.1541589975854232]","[-0.0017453685327208218, 1.815606098388795]","[0.00016020231673035014, 1.9851069648995523]","[-0.0002159231395114933, -0.8589438390031572]","[0.00099381423658581, -0.10197400140934913]","[0.0005255891587595696, -1.5236458138695]","[0.000958487820072902, 0.5646970675519496]","[0.0011764829252087527, 2.988080603025268]","[-0.0008680268906606904, 3.239728198356174]","[-0.00040649668100952737, 1.7365316044316152]","[-0.0009112800387028566, -2.195251550495922]","[0.001039092587007166, -2.69385364427448]","[-0.0007845255801638928, -1.3576759718921165]"
"[-0.001370232807787602, -0.342932775130533]","[0.001164213290022866, -0.1797860621180954]","[0.0010392434884086723, -2.342137812201825]","[-0.0006147866070160267, -2.926246192757728]","[0.00014598546666749114, -2.923991216080837]","[0.0005216458224351677, 1.9077475522256033]","[0.00021144240746790897, 3.156118175375763]","[6.826963128304197e-05, 3.0742399479646814]","[0.000755665645319686, -0.09387751901884352]","[-0.001707848776031907, -1.426745443675204]","[-0.0022101259053290425, -1.0935040679840926]","[-0.0002975193228670036, -1.5895736928124984]","[0.0010192541608798186, 1.160596347787264]","[-0.0015274982400326792, 1.8191514847166055]","[0.00025708638042642735, 1.989217019601821]","[-0.00033914874252141577, -0.8455969323978817]","[0.001848189253571104, -0.09156865592405457]","[0.0009773317565841763, -1.5107873806770078]","[0.0015673497264817066, 0.5728489349019799]","[0.00048087923780832666, 2.986938125411678]","[-0.0010483071626600543, 3.2388255739739558]","[-0.0004964606351141314, 1.7404210008519099]","[-0.00099114197165756, -2.1791556712224267]","[0.001154320080486956, -2.6764336140161245]","[-0.0006078061768259394, -1.4237671267941001]"
"[-0.0013442845845324008, -0.33987160986722187]","[0.00047031531832137676, -0.17537679832834382]","[0.001316970015866749, -2.3312708566011393]","[-0.0002510973417575542, -2.914056497902097]","[-0.0001846963318622233, -2.91168103596266]","[0.0009569158158189966, 1.9047168452972605]","[0.0001907547518014655, 3.150030870601081]","[-8.700158840803988e-05, 3.0674766726398306]","[0.0006121431952437181, -0.09036923063131326]","[-0.0016634710266502104, -1.4976806628968204]","[-0.002093896668615303, -1.1688802444673267]","[-0.00036170236881579446, -1.5817886616907315]","[0.001075122410302378, 1.2383400097147805]","[-0.0015839470820665684, 1.818785029829946]","[0.00010414999867012267, 1.9861774307135676]","[-0.00014988676704370086, -0.8412368293984345]","[0.0017025716446188398, -0.08944885405587864]","[0.0005451363660372451, -1.5021344725710055]","[0.0012288190530738955, 0.5733026075501784]","[0.00045965252039890464, 2.984626328272604]","[-0.000461663500270163, 3.2331028408734332]","[-0.0003879340614534663, 1.7366731158802344]","[-0.0005876663560602695, -2.1691021492673683]","[0.0010906856343219976, -2.6644268531355157]","[-0.0005959890469400151, -1.4159069945970715]"
"[-0.001238751485691382, -0.33576108446465003]","[0.0013341417352988351, -0.17261276515749316]","[0.001109064283945261, -2.331973194539546]","[-0.0001396127752130223, -2.9141729548913813]","[-0.00028253456706342375, -2.8341082522763195]","[0.0010559841847853516, 1.910027026785357]","[-0.000518154405274965, 3.156926733595449]","[0.0004578251114301286, 3.0699907305610727]","[0.000454286375056851, -0.08663234776676225]","[-0.0013822487126086335, -1.4180064069673575]","[-0.0018795694155731473, -1.3319722015409041]","[-0.0006361772732130404, -1.5801758809397461]","[0.0009671911467890536, 1.2433819886569222]","[-0.0013906275393303846, 1.826788345485774]","[-0.00015293958635828093, 1.9928228047998022]","[-0.0001915230754541376, -0.8383308076792885]","[0.0010734166494174458, -0.08654415477125342]","[0.0004244252701321969, -1.5001126320553793]","[0.0007259712275075248, 0.4991464975566567]","[0.0012814572477473853, 2.9912305089565043]","[-0.0006566847189836152, 3.240553076413752]","[-0.0002331096163051186, 1.743409136885655]","[-0.0007915977418608487, -2.244968381585597]","[0.0011842418468236207, -2.664830519781299]","[-0.0005744741660036707, -1.3340752652799608]"
"[-0.0014453664697320339, -0.3097756591950904]","[0.0009200380909350649, -0.2229279321953233]","[0.0003445097345351426, -2.2987073851672015]","[-0.0005590783949609306, -2.8793086061068074]","[5.638484382865099e-05, -2.8751953254801825]","[0.000464189900525396, 1.8500225841418096]","[-6.246544763677421e-05, 3.1714802546980145]","[0.0003410827299632952, 3.086081035959766]","[0.0008682331737226641, -0.13898494709598763]","[-0.0015871062094549935, -1.465331815870904]","[-0.0018145512407295862, -1.3841834860441244]","[-0.0006243583997702295, -1.550859951844428]","[0.0010716080716203077, 1.1862803688436618]","[-0.0017208357739348953, 1.8446341334089613]","[-8.26908100617635e-05, 2.0105453040110963]","[-0.0003866945953694567, -0.8102449202714155]","[0.001700430404181158, -0.061123765350680224]","[0.0010793739997020809, -1.472189536817019]","[0.0015616357759821056, 0.523013264255292]","[0.0011630970227864538, 3.0063870084275504]","[-0.0008294505721107278, 3.2549626141701875]","[-0.00041158045768274255, 1.762033432631966]","[-0.0007465376197272951, -2.2120474814053446]","[0.001245216879175136, -2.6301487686986915]","[-0.0005450846357860149, -1.3844104190050956]"
"[-0.0007259357921417218, -0.30863211793202006]","[0.0005287890671832676, -0.21925939991907015]","[0.0013606625032190453, -2.2171156368839102]","[-0.00024410203195942998, -2.878893169395634]","[-0.00030057644954962733, -2.8734506712543495]","[0.00036950033707342195, 1.8528560671881287]","[0.0004012597666200862, 3.1755657237483015]","[-7.552701826080617e-05, 3.0915253592311354]","[0.0004727128218826928, -0.0583680244564215]","[-0.002038241837056262, -1.4623291637860567]","[-0.0023275545775249336, -1.462062014711662]","[-0.00012053558356784654, -1.548825077571122]","[0.0011303538009767749, 1.2680276130036272]","[-0.002099107472267083, 1.8491401346741256]","[-0.0003064093905317271, 1.936553437414481]","[-0.00020938084218261185, -0.8835325782143792]","[0.0015774852421068753, -0.13518328670117097]","[0.0005375214950042533, -1.4692982280667393]","[0.0016956801387334808, 0.5250053609901475]","[0.0006111446835989255, 3.0123120354939896]","[-0.0003864439078183061, 3.2604911101538785]","[-0.00010338869963583437, 1.7660273040138086]","[-0.0004615720367019542, -2.2104093738626687]","[0.0012262133079352687, -2.628947432592777]","[-0.0005125475251359437, -1.3811979705636546]"
"[-0.0007816508363553826, -0.36241299345983097]","[0.0009913442067999792, -0.19443936367507036]","[0.0011075100365476574, -2.2715434303239315]","[-3.2423339970202094e-05, -2.852737699722444]","[-0.00024638718866350716, -2.8483535933020594]","[0.0008998884448942465, 1.8806398935145856]","[-0.0004060160772981532, 3.125237919827171]","[3.919658349176491e-05, 3.03497849754589]","[-0.0002836269432326746, -0.11074305021142776]","[-0.0018388913014950917, -1.4403270036513367]","[-0.002211349267617036, -1.4439594799191635]","[0.00012228600394356142, -1.5238406057338432]","[0.0008081976097519951, 1.2171945673444868]","[-0.0018262568230841207, 1.8774458278887973]","[-0.00035147719828733327, 1.9625796642294215]","[-0.00011159959349279923, -0.8602947399677752]","[0.0012830342186894036, -0.1115763687857103]","[0.0014144099476883078, -1.5204038916600908]","[0.0010289530924353267, 0.5505725766325174]","[0.0017430952002181511, 3.039355836878084]","[-0.0007248905624629206, 3.2877224743627713]","[-0.000407204660449869, 1.7918324950135511]","[-0.0006478063663384189, -2.186901174603983]","[0.0011681627078464134, -2.683474939637444]","[-0.0007364978935593033, -1.35655141858318]"
"[-0.0006544819255929242, -0.3569567585263116]","[5.809027572316572e-05, -0.19218924228812212]","[0.00034611354681503395, -2.3354700352523174]","[-0.0007081830571215977, -2.833763542560681]","[0.0002122672175904256, -2.830769963116847]","[0.0006455413377805136, 1.8710051292544425]","[0.00036139811942470377, 3.1876773093170763]","[0.00033796947290133786, 3.02377739277319]","[0.00019201077000128205, -0.10738942330286912]","[-0.001688377507025979, -1.4289677474540092]","[-0.0020847953508151685, -1.5097573812594436]","[0.00014529335787825522, -1.5130619507322054]","[0.0003092807403677772, 1.2124166902815694]","[-0.0017865147711836988, 1.8700851371132257]","[2.238027185813155e-05, 1.956584586302942]","[-0.00033559848185655823, -0.8509204386622187]","[0.0018246248688360285, -0.10725099188350104]","[0.001409808458987978, -1.5096607676646763]","[0.002114704107866916, 0.5499031437720308]","[0.0011901287541028144, 3.0257750350610153]","[-0.0007802076508574781, 3.2742507808629826]","[-0.0004477829826679535, 1.7865802286966448]","[-0.001067929567744586, -2.1707813480168237]","[0.0011127332961755499, -2.6645993867636037]","[-0.0007284733014439854, -1.3465164559515075]"
"[-0.0003299909692744564, -0.3576734684720858]","[0.0007097519609864394, -0.18934251426072904]","[0.0013207159416282889, -2.2690128207371005]","[-0.000421713516203828, -2.8522686477560573]","[-0.0004361389652918548, -2.8495248136311413]","[0.00023655012044178158, 1.888511485425098]","[0.0003949954541162974, 3.1394237677545056]","[3.443490636523416e-05, 2.9678985353341782]","[-0.00019143703293576184, -0.10557153898995693]","[-0.0017557520681407593, -1.4371753089703285]","[-0.0019532981354473435, -1.5228454146212937]","[-1.752754972737667e-05, -1.521535736338192]","[0.00042649418703544147, 1.2239814995367706]","[-0.001909090930953109, 1.8870080677510046]","[0.00013247101137798766, 1.9758104550058235]","[-0.00020376332329034174, -0.8558728593610425]","[0.0010275706475862648, -0.10523249505572196]","[0.0008814194405002463, -1.5185666801712487]","[0.0017015557438944042, 0.5569968355645823]","[0.0011636082422255593, 3.0535991549392247]","[-0.0004253376158468361, 3.303472597076475]","[-0.00020390900623083332, 1.804037236165027]","[-0.000662580392451136, -2.1827479351557915]","[0.0011869562984221354, -2.6011838500766333]","[-0.0007059844487864265, -1.432185550955345]"
"[-0.00027166968854829335, -0.4865051694498039]","[0.0006535860820356273, -0.1562153826221961]","[0.0011380897727678045, -2.310366882371332]","[-0.0002638861975819992, -2.8891618664384318]","[7.141395862706216e-05, -2.8077967914558464]","[0.0009586838418022495, 1.9178754477417563]","[-0.00030199654541563265, 3.161398806982974]","[-0.0003163943536597649, 2.8275375943191037]","[-0.0005707678901055238, -0.07603643811807714]","[-0.0020359339267883502, -1.4787547281572657]","[-0.0022829539264629245, -1.5641995706097422]","[-0.00013173279838819856, -1.4839950400594863]","[0.0004991863247729296, 1.250780604677755]","[-0.0020748598675578824, 1.8361603749582394]","[-6.135231387117108e-05, 2.0007800302928525]","[-0.00017570504365822822, -0.822934641839129]","[0.0015531285174115758, -0.0756289924022343]","[0.0018456746319034183, -1.4821335345141189]","[0.0010070301167019143, 0.5857925069975666]","[0.001926510734994066, 3.077123198563402]","[-0.00045907314469569054, 3.325733636520967]","[-0.00040358076706634144, 1.829449106780932]","[-0.0006914285005182027, -2.14398227260885]","[0.0010830264064515581, -2.640365084824095]","[-0.0006949954231500005, -1.3945549123649297]"
"[-0.00021330691765825764, -0.5472295361272239]","[-5.651272123923064e-05, -0.1381855388281578]","[0.000528025825846853, -2.3649903604571385]","[-0.0006341436913264806, -2.862493211773692]","[-0.00016736575002021298, -2.7798858321213094]","[0.0009751459816920231, 1.9295952765376483]","[0.00025480855012363125, 3.247633741386533]","[-9.1872108791159e-05, 2.675187358535393]","[9.129100382398692e-05, -0.1328350419130139]","[-0.0019001251896146839, -1.4568390365118649]","[-0.00225781247890862, -1.538972388509866]","[-0.0005208693918489416, -1.459839607501784]","[0.00022519498080464205, 1.2654435517944427]","[-0.0019150588654015214, 1.8501723039807418]","[0.0002836541931386271, 2.0143735584731948]","[-1.6813657132177134e-05, -0.8790243506306451]","[0.0014402856175541531, -0.1317849623781296]","[0.0014199689381651495, -1.4606644637450434]","[0.0017749059797657139, 0.5276986727737021]","[0.0015800820425148992, 3.1642626237772933]","[-0.00033449734361343676, 3.3345785943880966]","[-0.00012368700418597734, 1.8435147419800133]","[-0.0004143579194916377, -2.116907867224842]","[0.0008909654678785059, -2.612056942645374]","[-0.0008179055420758295, -1.3707512832589854]"
"[-9.451777420259498e-05, -0.6314695136149218]","[0.0011481755114572444, -0.13891751374685582]","[0.0011477891958372724, -2.295689850663808]","[-0.0007486351271423666, -2.8755046136132467]","[-0.0004244539825459399, -2.795179618132531]","[0.00019209913517063504, 1.9374887214405272]","[0.0005835454799536332, 3.2641672722400443]","[0.0004113998393610136, 2.688562756379085]","[0.0005123207807965905, -0.13282895288722435]","[-0.0018243843372931705, -1.4635083507075304]","[-0.002258226223891436, -1.548901504870449]","[-0.0005162960346436901, -1.465999872990995]","[0.00023732356520550193, 1.2725598432174476]","[-0.0017807372839951088, 1.8589709501005935]","[0.0005121583204380693, 2.025181407524617]","[4.828095166380389e-07, -0.8851738963197545]","[0.00045377082321510913, -0.13439969519636516]","[0.001113700856656856, -1.4682075203559053]","[0.0014393894822544448, 0.5297186645199039]","[0.0015160896622158342, 3.1029098760014335]","[-0.0006597381413112979, 3.34993812028949]","[-0.0002757234133936784, 1.853770284216203]","[-0.0003107185080635159, -2.1255883240835813]","[0.0006711012232899335, -2.6231519010913105]","[-0.0010459158588859735, -1.2987467676548694]"
"[-8.858348249400677e-05, -0.6134302652131409]","[0.0013884531117375595, -0.12283499418641826]","[0.00107028801214959, -2.344626421640192]","[-0.00036659071916176304, -2.843972984572809]","[-0.0008058236225978805, -2.7619454837103747]","[0.00021401656122355779, 1.9409770620885332]","[-1.6578319322942352e-05, 3.1846227318816474]","[0.0002157456989663529, 2.688751116251294]","[0.0002525504239835998, -0.11635227092045287]","[-0.0018553060336203187, -1.4393483383293058]","[-0.0024097866247236232, -1.60311592394259]","[-0.0006641244456166429, -1.4421629014554544]","[0.00011406169818605345, 1.2816637272724107]","[-0.0019148880649302806, 1.8643600013065387]","[0.00046136774400072736, 2.0279161101822027]","[0.00013243449074956396, -0.944181324738388]","[0.0008208519135598536, -0.11782587927850817]","[0.0015577236810334746, -1.5204751405410566]","[0.0005776198710733383, 0.542098815560917]","[0.002038567598978213, 3.1775968979031566]","[-0.0005298628138776234, 3.345183561146287]","[-0.0001354570085043159, 1.8569189039159935]","[-0.00015231657086077656, -2.0964104071476686]","[0.0008411969745259768, -2.5921589817670423]","[-0.0007455600744576963, -1.3512476100655713]"
"[-6.755419005801853e-05, -0.6580433120848895]","[0.0009716244966776179, -0.17023731770178863]","[0.0009344587290237292, -2.304759915150841]","[-0.000322081774294482, -2.9597655283563356]","[-0.0007672270945992094, -2.7972240713563634]","[0.00042612889653319676, 1.8827072253646782]","[-0.00025464886564036647, 3.1940328315223994]","[-0.00016326119940037606, 2.701676693434245]","[6.739284247604046e-05, -0.08867216813853447]","[-0.001860873192615117, -1.4041545599898324]","[-0.0024151251010154718, -1.564223549197132]","[-0.0010077828594682364, -1.4060310163118952]","[-0.00010987759130615365, 1.2267820242927425]","[-0.0017895624903048026, 1.883413644734013]","[0.0006000443013311879, 2.0440709981115774]","[0.0005761399531958269, -0.9907510624846988]","[0.0012365112229946883, -0.08942351539739413]","[0.0017966479679883693, -1.483520154791463]","[0.000552595939280806, 0.5658478414950758]","[0.0020617839410329805, 3.189668134850703]","[-0.00027604954440020363, 3.3564748736178913]","[0.00023461312543911106, 1.7971788623978209]","[-0.0003524431996373367, -2.05834143410218]","[0.0004559964959626838, -2.628105936060012]","[-0.0005274508091964623, -1.2385995886978054]"
"[0.0002885356447240842, -0.6299124227146188]","[0.0005547797255315744, -0.14222959335629987]","[0.0007387235865890249, -2.3593582881194255]","[-0.0003687929329191943, -2.9355318453720614]","[-0.0005768786778795592, -2.8522500582222903]","[0.00018420905252407473, 1.9134195451711047]","[-4.915625969679781e-05, 3.2256332295747714]","[-0.0002548021085492592, 2.653677846978175]","[0.0003610650621293704, -0.06169706244439255]","[-0.0018313535988233544, -1.4547074820502346]","[-0.0023849735043154066, -1.5406743888891448]","[-0.0008862939625794207, -1.4547845416348961]","[-0.00014699328914544112, 1.2565856625400733]","[-0.0017197278844737242, 1.9144399863791697]","[0.0009837676812145095, 1.9990006754557466]","[0.0006011601874080195, -0.964250507644099]","[0.001079716361951289, -0.06130171327091145]","[0.0014233060842054135, -1.4593573818327634]","[0.000961944166027151, 0.5941470113600543]","[0.002096186428764815, 3.1453802191438722]","[-0.0004268418941132068, 3.3131566442976528]","[-4.412222117531885e-05, 1.8273521258304621]","[-0.00035748060234381515, -2.034199387752924]","[0.0003606724351694779, -2.6042105713874375]","[-0.0005866494802243127, -1.2883277020395747]"
"[0.0004097057905374954, -0.6020939846998153]","[0.0014591025951418966, -0.11776039069262831]","[0.00032471044323449346, -2.4022740123666684]","[-0.00018486014045192, -2.974221002201631]","[-0.0004842928045678918, -2.8114924635314678]","[0.00028742297730923827, 1.9279587971572374]","[0.00013198387427830227, 3.152483044440181]","[-0.0003838917485117236, 2.6661565822242443]","[0.0008548811436266218, -0.036008064045169846]","[-0.0019475804809426253, -1.4210505174219532]","[-0.0025301144195624408, -1.6656517732975529]","[-0.0004305289628718758, -1.4200802551780085]","[-0.00010363629207027118, 1.2751640753416824]","[-0.0016193318177984248, 1.9293644639883372]","[0.0008223568447718286, 2.0137549141671487]","[0.0005842077852332596, -1.014190388807909]","[0.0006855475337267286, -0.0367085182006806]","[0.000960171764942829, -1.5029908056125005]","[0.0011475161874590113, 0.5402706066169759]","[0.0015192997329280076, 3.1504035711660086]","[-0.000699195750005701, 3.3178892023583457]","[-9.873929162260992e-06, 1.842506245296972]","[-0.0003099032670849131, -1.99487569513178]","[0.00023200945335955013, -2.561716317070828]","[-0.0007157065135192143, -1.2548373144985259]"
"[0.00010459796695254469, -0.574379850631953]","[0.0018684830098365038, -0.16911777788620197]","[7.401281939383997e-05, -2.44418993191767]","[-6.089281512885013e-05, -3.015389818514088]","[-0.0002718973087620047, -2.9323034515973316]","[0.0002081774835510302, 1.943494893653508]","[0.0004255380413306887, 3.081394244110457]","[-7.731442053253783e-05, 2.6796100290946177]","[0.0009549951320475688, -0.010108209013493047]","[-0.0018365168267246612, -1.3879636394484214]","[-0.0023106009522624437, -1.5519960438414508]","[-0.0006647198341033616, -1.3891884440364035]","[-0.0001872712775801571, 1.2946818968374407]","[-0.0015572783055009924, 1.944111558608478]","[6.365866046619934e-05, 2.028155129729531]","[0.0005601874351651847, -1.0630006269681223]","[0.0005793379576453076, -0.08693935775798438]","[0.001003764117901693, -1.471696983575999]","[0.0011982471000144632, 0.5624978820770157]","[0.0012212236567414121, 3.1637668521277202]","[-0.0005430193830607098, 3.3283131439832245]","[2.0319757065863138e-05, 1.7803098115373155]","[-0.0003961166890247015, -1.9605451018310511]","[0.0002812717587075076, -2.5253557332488628]","[-0.0006581870841393663, -1.2241604714902659]"
"[0.000292112067939549, -0.5545078877700622]","[0.0020721702458113326, -0.23175248331802856]","[-0.00011937255804589326, -2.410131780716112]","[5.93068271675149e-05, -3.053288343433546]","[-0.00013884167619906469, -2.9736551438291747]","[0.00048228679586113005, 1.9420367388802469]","[0.0003877514836878817, 3.0747543319687063]","[4.6801913443055334e-05, 2.7511944425922183]","[0.001000081085445222, 0.005046620394435507]","[-0.0019021620844126487, -1.3613973387189835]","[-0.002310555587504588, -1.4438081728960477]","[-0.0005199070096719574, -1.3641115355201805]","[-0.0003694763392860825, 1.2994816602184802]","[-0.0014845713893623382, 1.866457447829187]","[-8.506549932880713e-05, 2.028300830288927]","[0.0005176447262269873, -1.116083006434066]","[0.0006429361605154917, -0.07104487192277813]","[0.0008902700460037236, -1.522907085491596]","[0.0013034158752068738, 0.5742272229966965]","[0.0012725340156104984, 3.1526371189892033]","[-0.0009193015638414506, 3.317947493138561]","[-0.00017979171220331694, 1.784452615389698]","[-0.0004816488571138585, -2.004575987179086]","[4.4860783716286015e-05, -2.4898237189977945]","[-0.0005014777496655611, -1.19944916645892]"
"[0.00045292109030096355, -0.5250405860326249]","[0.0020872891994530183, -0.2820237653024545]","[-4.986560141517693e-05, -2.4623545134543265]","[0.00025650817295473497, -3.0322416642862966]","[-3.71156760810815e-05, -2.9500372299444075]","[0.0007449699539749551, 1.9014467764613432]","[1.7875338247043612e-05, 3.035499508859481]","[-0.00014186739098754253, 2.715959762642384]","[0.0010071079033607295, -0.03774951897087047]","[-0.002046322937301362, -1.3342236523761897]","[-0.0024046279648405997, -1.4945326914847445]","[-0.0001748316228942129, -1.4126746618718802]","[-0.0003593810619568647, 1.3345749963182203]","[-0.0015745370386977527, 1.9024412172480683]","[-0.0002770445829041729, 2.0647989928968573]","[0.0005822503091003095, -1.089487061773621]","[0.0009071787181507037, -0.040653663107268735]","[0.0008337159146608363, -1.5768851136972648]","[0.001330319569161677, 0.6067150352780728]","[0.0011365485033574924, 3.1155288985422533]","[-0.0010256118365837444, 3.3569216230870897]","[-0.00014432698238835855, 1.8204861000512869]","[-0.0006511574559247778, -1.9792669617370278]","[-3.6602033864893115e-05, -2.4657304278407306]","[-0.0004333924868819441, -1.1714713995053678]"
"[0.0005307973060659787, -0.5248609030805093]","[0.0019638270776171315, -0.36075685833373283]","[8.336734877592018e-05, -2.473677051825105]","[0.0004476560087695222, -3.0451489341802587]","[-0.00010828495226791914, -2.9635416401417047]","[0.0007548024384074206, 1.8350401307508246]","[-8.100865374487176e-05, 2.9746971232390624]","[1.7672294469502838e-05, 2.8100760847647375]","[0.0009958206656370799, -0.03522614240631187]","[-0.0019391760638243812, -1.3379503489576632]","[-0.0022919131822392736, -1.4187023050693375]","[-0.00023491968706203651, -1.3389715418842143]","[-0.0003651204894551258, 1.3447907588349859]","[-0.0015367296475446608, 1.8364863863479635]","[-0.0001662546065617181, 2.0812646722922823]","[0.0004577877871255943, -1.092147079115372]","[0.0009718466586253566, -0.03773481774420602]","[0.0006800223803243335, -1.660526950405214]","[0.0013538934652635147, 0.6121116077701824]","[0.0010501465078008106, 3.1355527793494082]","[-0.0010721801594011937, 3.3799614455801725]","[-0.0003674907721234277, 1.8361764744342908]","[-0.0005937060704203185, -1.9098392381691345]","[-3.279408704338115e-05, -2.4745992056232806]","[-0.0005180615671938523, -1.1724744464278865]"
"[0.0005447730291596622, -0.5548910373796981]","[0.0017100401135805526, -0.315346675364672]","[0.0003918343132859664, -2.422462071003283]","[0.0005172445215864141, -3.066959538281706]","[-9.031645833294266e-06, -2.987305870349831]","[0.000861196336106283, 1.8742225076589403]","[-0.0003935100289606113, 3.0093251821635483]","[-0.00022344014725938626, 2.7697260269878337]","[0.0011168408609581425, 0.008520109756773767]","[-0.00196334349288604, -1.2900159200824104]","[-0.002236731768740154, -1.449700195103312]","[-0.0003518385534226896, -1.368116012966827]","[-0.00044061819792422257, 1.3837670369149824]","[-0.0015557640061817219, 1.7134102492955852]","[-0.0004175742935653435, 2.1186840834909444]","[0.0002636674716992536, -1.1228589915951697]","[0.0015687359031864717, -0.07375040395282048]","[0.0001781186604535776, -1.691965793314266]","[0.0016410144958278513, 0.5744238733497483]","[0.0012186831462562711, 3.0913769955852213]","[-0.00092329287747841, 3.4127209335408186]","[-0.00012580292706125643, 1.874579607913084]","[-0.0007615067341564937, -1.9377589374219724]","[-4.5049624457483425e-05, -2.424301420725023]","[-0.0005646445541733323, -1.1253237391164945]"
"[0.0004974328479625611, -0.5447503923817579]","[0.0016825917222848573, -0.3053837343361402]","[0.0005693050219976918, -2.41034074310525]","[0.0005562747332879364, -3.054694453221234]","[-4.652132050555301e-05, -2.9750139740945607]","[0.0010288444185888594, 1.882176963402965]","[-0.0005271005677358914, 3.016331404626553]","[-0.0006014250247742732, 2.7784162031073705]","[0.0010715814423413806, 0.016257143848431473]","[-0.0021264371345546327, -1.3577194531599646]","[-0.002352325587946575, -1.4393809934383288]","[-6.10063846209965e-05, -1.359670777153553]","[-0.0004243637385632267, 1.3923634877990314]","[-0.0016379571108814893, 1.6407074634629504]","[-2.5249148318705813e-05, 2.127201705800577]","[0.0001272284617402011, -1.1119172964862423]","[0.0016038218108699056, -0.14290509466584855]","[0.00016236801773716165, -1.6795538588813943]","[0.0016143232979714214, 0.5042061468411715]","[0.001087895577689324, 3.096732183805044]","[-0.001142685369582425, 3.4192491281076856]","[-0.0002829186362862388, 1.9614921003015207]","[-0.000634743806736865, -1.924805170102645]","[0.00020509029091522727, -2.41276974970201]","[-0.00034402381287965215, -1.1162282403743513]"
"[0.00022254454302610106, -0.516731838126029]","[0.001566215085695824, -0.3528385510443643]","[0.0007488377369479502, -2.3872363552170777]","[0.0005829397330123601, -3.0329177669778953]","[-7.914302118444287e-06, -2.951753731992241]","[0.0008992405101960606, 1.8410258070031686]","[-0.0005919708531659602, 2.975954980705925]","[-0.00015160188975740752, 2.817165456615682]","[0.0011530813690163004, -0.028245379606186834]","[-0.0021838249280851764, -1.3296954734706072]","[-0.0024349933982507157, -1.4909516585242368]","[-0.00019229709816734352, -1.4109475696729965]","[-0.0005053669667145306, 1.3524934240853517]","[-0.0017738407462699816, 1.7579215845649312]","[-0.0002825332139044699, 2.165070252902658]","[0.00029679071252894325, -1.0853487959533925]","[0.0016932376946721531, -0.19268218430511977]","[0.0001288019574693815, -1.6548165387617935]","[0.0017255338352098937, 0.37871438321822104]","[0.0013326954770747877, 3.1386968437064087]","[-0.0011636891060059782, 3.4615349456261075]","[-0.0002534504126660664, 1.921108488123108]","[-0.0005945757385778257, -1.8993937851636855]","[6.939355556284541e-05, -2.3887281879801545]","[-0.0002832535567286954, -1.0873983497557917]"
"[0.00031949660325161127, -0.4989497561606409]","[0.0016457631815336884, -0.33312816712881765]","[0.0007310944917423576, -2.378418676994725]","[0.0006079407481971159, -2.9500081675601373]","[-0.00021746242172185768, -2.9453760269366223]","[0.0010029822598366473, 1.8721387701475856]","[-0.0005734301029436306, 2.936217166164379]","[-9.498651703568235e-05, 2.8544477444280028]","[0.0011842367426790372, -0.005945745246295045]","[-0.002376996588400252, -1.3153804893296666]","[-0.002657365245703793, -1.5572148871051075]","[-3.818938553059328e-05, -1.3969699574015324]","[-0.000613112035712321, 1.3834169899535396]","[-0.0019153195186880302, 1.7901589264013846]","[-0.00039689724661199385, 2.19860518591523]","[0.0004007126704450418, -1.069969869522998]","[0.0014837039050103194, -0.2517238894683133]","[0.00027845899276478806, -1.7188894486989614]","[0.0020531257394304056, 0.3232309250506062]","[0.0010195432857884046, 3.0971700088286087]","[-0.0009634998664632334, 3.4270584006293285]","[-0.00023420755205508977, 1.9532683566323685]","[-0.0006982221895199764, -1.8882782144719974]","[0.00020306266963020033, -2.4548994604796497]","[-0.000150432619923181, -1.0705597176455608]"
"[0.00038449085624756897, -0.4925889461084356]","[0.0019388982817750804, -0.325733696169692]","[0.0006536309963056585, -2.3796068690493875]","[0.0005831857404930796, -3.0283626890424866]","[-0.0001476721143075401, -2.86839223846357]","[0.0007384598680800757, 1.810355399944565]","[-0.00042320601028243666, 2.95679929767809]","[2.427983513299108e-06, 2.8731584055525516]","[0.001357907039697549, -0.07913613510142835]","[-0.002309823504412865, -1.3921459853981797]","[-0.002600647872469264, -1.474376732134627]","[5.191281513059638e-05, -1.392499836733523]","[-0.00044073887324273716, 1.3168035574078134]","[-0.0019949950004269057, 1.8095692761671267]","[-0.0005159229425992657, 2.218400501828063]","[0.00047123804158510647, -1.0663010268923965]","[0.0013941028334912638, -0.32195705043112316]","[0.0007604569661093708, -1.7162891102519542]","[0.0021167644274204403, 0.3348144586624604]","[0.0006791172956357412, 3.122775657408238]","[-0.0012029061457113435, 3.453544409427574]","[-0.0004169626187685812, 1.9708709728509024]","[-0.0004548974095703436, -1.885081935340442]","[-0.00012585153101214456, -2.379749365938485]","[-0.0004989691226813871, -1.0648703198716574]"
"[0.0002534958499403564, -0.4869413872311595]","[0.001919149834975693, -0.3190902439877477]","[0.000542787287007956, -2.464606476964386]","[0.0005774807254678968, -2.9648185545496486]","[-0.0001748526333813205, -2.7993387401071326]","[0.0006858141917456758, 1.83444301749133]","[-0.0003979383508724978, 2.9895003624387817]","[6.913554666633299e-05, 2.827865464172317]","[0.0013728284139230681, -0.0706009107685783]","[-0.002457577731724468, -1.3930752255699668]","[-0.0026726559679499198, -1.4763970022338344]","[-6.755163148394827e-05, -1.4748969114886221]","[-0.0005365295175747963, 1.3354857540083909]","[-0.002341665958071087, 1.751100038131417]","[-0.0002985253015477685, 2.246757391102563]","[0.00039901026913333166, -1.064776053159177]","[0.0014425447006270358, -0.3149080121927925]","[0.0007541507220397289, -1.720562431098109]","[0.0021644302425477754, 0.34515697343220997]","[0.0007617553821980578, 3.075305745816695]","[-0.0010542205225362866, 3.4888893899139184]","[-0.00021523827291026795, 1.9980844618108187]","[-0.00021254934790131426, -1.8895681575170837]","[-0.00011758427183255808, -2.388713835867154]","[-0.0003956936584866544, -1.0642946555830552]"
"[0.000287513880520285, -0.5456877102544374]","[0.0017076003951959726, -0.37653354839654957]","[0.0007259005672945624, -2.4566071091604957]","[0.00046657181960303143, -2.956154126251821]","[-0.00037610050356460915, -2.705165795683759]","[0.0005238381314961719, 1.8636786357409967]","[-0.0003388768334289034, 2.945888962474122]","[0.00015620024899664053, 2.7798916916429555]","[0.0009645351029648635, -0.1289272552244462]","[-0.0023714706033559924, -1.3765959540597894]","[-0.002687206044116586, -1.4585419696759718]","[-0.0002599167307499012, -1.4589012354952704]","[-0.0006293788208530039, 1.2813813705188595]","[-0.002207728821011163, 1.7803328391496223]","[3.7726050668272696e-05, 2.2797433158621843]","[0.00040553226336657844, -1.1236195568420773]","[0.0015028843945787014, -0.2972239241362721]","[0.0012426052432367872, -1.7059637880810228]","[0.0023807802846775097, 0.3669123516534422]","[0.0010401541349007773, 3.1121292945469157]","[-0.0010835015441868602, 3.5280506556889764]","[-0.0002563241103839252, 2.030178491370589]","[-0.00022505062907231022, -1.8773485936444485]","[-0.00028722121293648295, -2.4542743022637556]","[-0.0007190666638404114, -1.0466427394785396]"
"[0.0003489161077255053, -0.5229864219743264]","[0.0016805459975098012, -0.3533902283299811]","[0.0008372485266631699, -2.4432782671298923]","[0.0003673766430052107, -2.942758565207123]","[-0.0003527144039534488, -2.6911119062640494]","[0.0005800001266544939, 1.8161144229868251]","[-9.967613477108261e-05, 2.986347618279574]","[-0.00014785937655239622, 2.649452383266681]","[8.158657748276289e-05, -0.10446541754088667]","[-0.002414413854336193, -1.4387309499387395]","[-0.0026089853687755776, -1.5226096020761901]","[0.00012196715748442026, -1.440049793610846]","[-0.0005884978828388645, 1.232622177616793]","[-0.002463020864645725, 1.8151667625392915]","[1.797424664127682e-06, 2.3173158825955618]","[0.0007075696561065403, -1.103654172191186]","[0.0015472774464607773, -0.35015222630801807]","[0.0015481715410460984, -1.6882585077989294]","[0.0023996460342107667, 0.3172434816115921]","[0.001055598586365301, 3.1528916447535775]","[-0.0008207952479798137, 3.570442124242033]","[-0.00019514947390203948, 2.0677250825083804]","[-0.0002933488038568923, -1.8597169417888388]","[-0.0005086840260253107, -2.4393295197722793]","[-0.0007845563877416149, -1.0248290604690227]"
"[0.0002607585913653243, -0.5066355229729188]","[0.0015513908196927587, -0.33567711498091796]","[0.0008271617548300033, -2.43896672862901]","[0.00024391605497316719, -2.940996421982019]","[-0.0003704073836946654, -2.6062275853243753]","[0.0006433074347752697, 1.8469454289355747]","[-1.6927255630938786e-05, 3.022654190074944]","[5.381483797942894e-05, 2.43433247738664]","[0.0004236959378107992, -0.08446432501438067]","[-0.0024840052030753092, -1.4273928371967965]","[-0.0027216950439200235, -1.5946111201808317]","[0.0004460522974038617, -1.5103264268670822]","[-0.00044859681833145967, 1.2610156737297955]","[-0.002512247179460047, 1.765843976911478]","[3.3788639759881345e-05, 2.350512180073487]","[0.0005830262173884952, -1.0901708739311544]","[0.0014787744658471724, -0.3322095595960632]","[0.0015670749657712571, -1.6778990014258612]","[0.0023104681264914145, 0.33929286602944037]","[0.0010175009579525378, 3.1916923768800736]","[-0.0006883635421395239, 3.611654146026501]","[-0.00011111050504394214, 2.0985227868899354]","[-0.0008259070996051314, -1.9311930097175167]","[-0.0004566434256340116, -2.434273833322666]","[-0.0008048276455063331, -1.0114217417962756]"
"[0.0001680949445558098, -0.48849999324713017]","[0.0015120370980685129, -0.3155620464992212]","[0.0008808944872352949, -2.424739073482333]","[0.00027215217389567624, -2.927373831749278]","[-0.0005238076827315156, -2.674058044828049]","[0.0005950334232586737, 1.8729120566075168]","[-0.00028163764301330596, 3.0479660240602504]","[0.0001413253530006648, 2.3805532593261756]","[0.0007036851186128189, -0.14734698468385957]","[-0.0024624634578393, -1.4131547158918571]","[-0.002834681319313917, -1.5791694932029627]","[0.00034036873561007927, -1.4962543349792494]","[-0.00022622138817789147, 1.200536509700631]","[-0.0023958125598302843, 1.7900714676691207]","[-3.2784308102271624e-05, 2.3752529530198245]","[0.0003891131933949363, -1.0731192654335355]","[0.0014361359446055143, -0.3135300334743317]","[0.0016137132537805414, -1.6619158893599058]","[0.0023479884516796365, 0.35911337415481126]","[0.0012204145066374895, 3.138260598005931]","[-0.0005155788455822713, 3.639378950608961]","[-0.0002562535776013616, 2.1231430299361564]","[-0.0009915147411998712, -1.9178366953931973]","[-0.00037513287050220377, -2.4212828852253687]","[-0.00072506829044146, -1.0733449356391003]"
"[6.709328018112052e-05, -0.5626884697836767]","[0.0014099944319902525, -0.31005703179524496]","[0.0009271247763121628, -2.4202856568113837]","[0.00032710237851488487, -2.9237739956266005]","[-0.00043864608989636894, -2.6694362719058162]","[0.0005638936387302498, 1.7992342408574231]","[-0.00021345895364765547, 2.9795990099434957]","[-0.0004129415167824715, 2.388529847837113]","[0.0005390473871824807, -0.14079299612839136]","[-0.002432639293178161, -1.4067666623182549]","[-0.0027666865384932, -1.5717426423590266]","[4.549042923295597e-05, -1.4918712844732327]","[-0.00015164733364578874, 1.2075650553942245]","[-0.0023052902662644738, 1.7974106019480827]","[3.967302295347598e-05, 2.3843267382345408]","[0.0005018556903601079, -1.0681585551358073]","[0.001445169312886851, -0.30799132126977524]","[0.001690566805207731, -1.6573918028959262]","[0.0022979659733811646, 0.3653600945341571]","[0.001337392894736419, 3.2280018054205546]","[-0.0003943720413803002, 3.6493802376726263]","[-5.949716309144104e-05, 2.1313005221946524]","[-0.0009621781303832209, -1.9135566026483894]","[-0.00044452007826791776, -2.417468198528725]","[-0.0006104926166388713, -1.068726662356622]"
"[0.00010311107070242316, -0.5615821404183201]","[0.001187933373161372, -0.307599519020444]","[0.0007983538513505385, -2.4205753639673495]","[0.00023871517930720005, -2.9240562200331803]","[-0.00037118487716640525, -2.6716587245873265]","[0.0005494224433742681, 1.8045402371525125]","[3.66370181578293e-05, 2.9854812031705795]","[-0.00040222409655129963, 2.395727789239439]","[0.0006337594403586074, -0.13835400304536705]","[-0.002399156429460903, -1.406140985464288]","[-0.0028531245847811244, -1.5717534498080938]","[0.00013952953771382727, -1.4900911838057234]","[-0.00019282151341047592, 1.212254949687084]","[-0.0022272433599571186, 1.8036638193906438]","[-3.300982990647199e-05, 2.3920824421850213]","[0.0002996121047590233, -1.0672383027471957]","[0.001396746160223146, -0.3051242044326293]","[0.001711680936576691, -1.6581135510862057]","[0.0023278843185726454, 0.3698158355915397]","[0.0013513059264781387, 3.238357728302214]","[-0.0006383644221356766, 3.660983881757924]","[-0.0002254841128826563, 2.0568344510439376]","[-0.0008690236786206134, -1.9132066951026563]","[-0.0003022719121711492, -2.4180611958423928]","[-0.0002607825436918264, -1.0661867981597235]"
"[-0.00014474437030492516, -0.5467128718859355]","[0.0011635183085585217, -0.2930440391082426]","[0.0006371473857006307, -2.400484999152406]","[0.0002330760414113536, -2.9047519295008475]","[-0.00022544938406755506, -2.735265305315065]","[0.0004948723338882871, 1.81419426615157]","[0.00016851586391336283, 2.989901149803692]","[8.269790336978491e-05, 2.4036390141898587]","[0.0006352009199251658, -0.12480180362249356]","[-0.002325279603510213, -1.3889863921914842]","[-0.002911287515934749, -1.5555524321727714]","[0.00013700822785517233, -1.5535180332964544]","[-0.00027672165020325084, 1.2214874139816474]","[-0.0021800795819555165, 1.8123600686118515]","[-5.999500126289494e-05, 2.3999480473910992]","[0.0003865631577767077, -1.0515352628055277]","[0.001337705431956996, -0.29104840470641413]","[0.0017104656076838828, -1.6414373335048695]","[0.0023257653861651936, 0.3815819614467465]","[0.0011540658260654588, 3.1618505448433663]","[-0.0005370707918574605, 3.664111536309419]","[-0.00029598025668181686, 2.0660239944940395]","[-0.000795137077048274, -1.9766180423407251]","[-0.0003383894428118506, -2.3999467127155225]","[-0.00037646771863202407, -1.051394434904538]"
